{
	"dataFromId": "1",
	"list": [
		{
			"title": "深圳市",
			"id": "11",
			"type": "city",
			"num": [[220], [3], [4], [5], [6], [7], [8], [9], [10], [11], [12], [13], [14], [15], [16], [17], [18], [19]]
		},
		{
			"title": "广州市",
			"id": "12",
			"type": "city",
			"num": [[120], [3], [4], [5], [6], [7], [8], [9], [10], [11], [12], [13], [14], [15], [16], [17], [18], [19]]
		},
		{
			"title": "佛山市",
			"id": "13",
			"type": "city",
			"num": [[230], [3], [4], [5], [6], [7], [8], [9], [10], [11], [12], [13], [14], [15], [16], [17], [18], [19]]
		},
		{
			"title": "东莞市",
			"id": "14",
			"type": "city",
			"num": [[20], [3], [4], [5], [6], [7], [8], [9], [10], [11], [12], [13], [14], [15], [16], [17], [18], [19]]
		}
	],
	"chart1": {
		"categories": ["深圳市","广州市","佛山市","东莞市"],
		"data": [70, 50, 30, 20]
	},
	"chart2": {
		"categories": ["别墅","洋房","普通多房","小高层","高层","超高层"],
		"series": [
			{
				"name": "深圳市",
	            "data": [30, 20, 18, 12, 31, 12]
			},
			{
				"name": "广州市",
	            "data": [15, 12, 12, 11, 21, 8]
			},
			{
				"name": "佛山市",
	            "data": [10, 8, 7, 5, 21, 32]
			},
			{
				"name": "东莞市",
	            "data": [8, 6, 4, 2, 6, 9]
			}
		]
	},
	"chart3": {
		"categories": ["深圳市","广州市","佛山市","东莞市"],
		"series": [
			{
				"name": "男",
	            "data": [30, 20, 18, 8]
			},
			{
				"name": "女",
	            "data": [15, 12, 12, 9]
			},
			{
				"name": "未知",
	            "data": [10, 8, 7, 5]
			}
		]
	},
	"chart4": {
		"categories": ["一室","二室","三室","四室","五室","五室以上"],
		"series": [
			{
				"name": "深圳市",
	            "data": [30, 20, 18, 10, 8, 9]
			},
			{
				"name": "广州市",
	            "data": [15, 12, 12, 10, 8, 9]
			},
			{
				"name": "佛山市",
	            "data": [10, 8, 7, 10, 8, 9]
			},
			{
				"name": "东莞市",
	            "data": [15, 9, 7, 13, 6, 8]
			}
		]
	},
	"chart5": {
		"categories": ["90㎡以下","90-120㎡","121-145㎡","146-200㎡","200㎡以上"],
		"series": [
			{
				"name": "深圳市",
	            "data": [32, 20, 18, 10, 20]
			},
			{
				"name": "广州市",
	            "data": [15, 12, 12, 10, 30]
			},
			{
				"name": "佛山市",
	            "data": [10, 8, 7, 10, 18]
			},
			{
				"name": "东莞市",
	            "data": [15, 9, 7, 13, 6]
			}
		]
	}
}