<?xml version="1.0" encoding="UTF-8" ?>
<!DOCTYPE mapper
 PUBLIC "-//mybatis.org//DTD Mapper 3.0//EN"
"http://mybatis.org/dtd/mybatis-3-mapper.dtd">
<mapper namespace="com.sxit.mgt.auth.dao.LoginDao">
	 

 	 <resultMap id="FunctionMap" type="SysFunction" >
	    <id column="function_id" property="functionId" jdbcType="INTEGER" />
		<result column="function_name" property="functionName" jdbcType="VARCHAR" />
		<result column="function_code" property="functionCode" jdbcType="VARCHAR" />
		<result column="open_target" property="openTarget" jdbcType="VARCHAR" />
		<result column="function_level" property="functionLevel" jdbcType="INTEGER" />
		<result column="parent_id" property="parentId" jdbcType="INTEGER" />
		<result column="sort" property="sort" jdbcType="INTEGER" />
		<result column="type" property="type" jdbcType="INTEGER" />
		<result column="state" property="state" jdbcType="INTEGER" />
	 </resultMap>

	<resultMap id="UserMap" type="SysUser" >
    	<id column="user_id" property="userId" jdbcType="INTEGER" />
		<result column="user_name" property="userName" jdbcType="VARCHAR" />
		<result column="password" property="password" jdbcType="VARCHAR" />
		<result column="name" property="name" jdbcType="VARCHAR" />
		<result column="mobile" property="mobile" jdbcType="VARCHAR" />
		<result column="mail" property="mail" jdbcType="VARCHAR" />
		<result column="remark" property="remark" jdbcType="VARCHAR" />
		<result column="post" property="post" jdbcType="VARCHAR" />
		<result column="org_id" property="orgId" jdbcType="INTEGER" />
		<result column="org_name" property="orgName" jdbcType="VARCHAR" />
		<result column="user_type" property="userType" jdbcType="INTEGER" />
		<result column="state" property="state" jdbcType="INTEGER" />
		<result column="create_time" property="createTime"  jdbcType="TIMESTAMP"  />
		<result column="modify_time" property="modifyTime"  jdbcType="TIMESTAMP"  />
	</resultMap>
	
	 <resultMap id="MenuMap" type="SysMenu" >
	    <id column="menu_id" property="menuId" jdbcType="INTEGER" />
		<result column="function_id" property="functionId" jdbcType="INTEGER" />
		<result column="menu_name" property="menuName" jdbcType="VARCHAR" />
		<result column="action" property="action" jdbcType="VARCHAR" />
		<result column="menu_level" property="menuLevel" jdbcType="INTEGER" />
		<result column="menu_class" property="menuClass" jdbcType="VARCHAR" />
		<result column="top_menu" property="topMenu" jdbcType="INTEGER" />
		<result column="bar_menu" property="barMenu" jdbcType="INTEGER" />
		<result column="parent_id" property="parentId" jdbcType="INTEGER" />
		<result column="sort" property="sort" jdbcType="INTEGER" />
	 </resultMap>

	<select id="login" resultMap="UserMap" parameterType="java.util.Map">
		select
		user_id,
		user_name,
		name,
		mobile,
		mail,
		remark,
		post,
		org_id,
		org_name,
		user_type,
		state,
		create_time,
		modify_time
		from
		sys_user
		where user_name =  #{userName} and password = #{password}
    </select>

	<select id="getRightSetAll" resultType="String">
		select
		function_code
		from
		sys_function
		where function_code is not null and state=1
	</select>
	
	<select id="getRightSetByUser" resultType="String" parameterType="java.lang.Integer">
		select a.function_code from sys_function a
		left join sys_role_function b  on a.function_id = b.function_id
		left join sys_user_role c on b.role_id = c.role_id 
		where c.user_id=#{userId} and function_code is not null and state=1
	</select>

	<select id="getMenuAll" resultMap="MenuMap">
		select a.* from sys_menu a
		join sys_function b  on a.function_id = b.function_id
		where b.state=1 order by a.menu_level,a.sort;
	</select>

	<select id="getMenuByUser" resultMap="MenuMap" parameterType="java.lang.Integer">
		select a.* from sys_menu a
		join sys_function b  on a.function_id = b.function_id
		join sys_role_function c on b.function_id = c.function_id and b.state=1
	    join sys_user_role d on c.role_id = d.role_id and d.user_id = #{userId}
		order by a.menu_level,a.sort;
	</select>

</mapper>
