{
	"liveArea": ["广州市", "深圳市", "佛山市", "珠海市", "东莞市"],
	"OwnerType": [
		{
			"title": "准业主",
			"num": [[2], [3], [4], [5], [6], [7], [8], [9], [10], [11], [12], [13], [14], [15], [16]]
		},
		{
			"title": "磨合期业主",
			"num": [[2], [3], [4], [5], [6], [7], [8], [9], [10], [11], [12], [13], [14], [15], [16]]
		},
		{
			"title": "稳定期业主",
			"num": [[2], [3], [4], [5], [6], [7], [8], [9], [10], [11], [12], [13], [14], [15], [16]]
		},
		{
			"title": "老业主",
			"num": [[2], [3], [4], [5], [6], [7], [8], [9], [10], [11], [12], [13], [14], [15], [16]]
		},
		{
			"title": "合计",
			"num": [[2], [3], [4], [5], [6], [7], [8], [9], [10], [11], [12], [13], [14], [15], [16]]
		}
	],
	"chart1": {
		"categories": ["准业主","磨合期业主","稳定期业主","老业主"],
		"data": [70, 50, 30, 20]
	},
	"chart2": {
		"categories": ["深圳市","广州市","佛山市","珠海市"],
		"series": [
			{
				"name": "准业主",
	            "data": [30, 20, 18, 12]
			},
			{
				"name": "磨合期业主",
	            "data": [15, 12, 12, 11]
			},
			{
				"name": "稳定期业主",
	            "data": [10, 8, 7, 5]
			},
			{
				"name": "老业主",
	            "data": [8, 6, 4, 2]
			}
		]
	},
	"chart3": {
		"categories": ["准业主","磨合期业主","稳定期业主","老业主"],
		"series": [
			{
				"name": "男",
	            "data": [30, 20, 18, 8]
			},
			{
				"name": "女",
	            "data": [15, 12, 12, 9]
			},
			{
				"name": "未知",
	            "data": [10, 8, 7, 5]
			}
		]
	},
	"chart4": {
		"categories": ["60岁以上","55-64岁","45-54岁","35-44岁","20-34岁","20岁以下"],
		"series": [
			{
				"name": "准业主",
	            "data": [30, 20, 18, 10, 8, 9]
			},
			{
				"name": "磨合期业主",
	            "data": [15, 12, 12, 10, 8, 9]
			},
			{
				"name": "稳定期业主",
	            "data": [10, 8, 7, 10, 8, 9]
			},
			{
				"name": "老业主",
	            "data": [15, 9, 7, 13, 6, 8]
			}
		]
	},
	"chart5": {
		"categories": ["准业主","磨合期业主","稳定期业主","老业主"],
		"series": [
			{
				"name": "1次",
	            "data": [32, 20, 18, 10]
			},
			{
				"name": "2次",
	            "data": [15, 12, 12, 10]
			},
			{
				"name": "2次以上",
	            "data": [10, 8, 7, 10]
			}
		]
	}
}