<?xml version="1.0" encoding="UTF-8" ?>
<!DOCTYPE mapper
 PUBLIC "-//mybatis.org//DTD Mapper 3.0//EN"
"http://mybatis.org/dtd/mybatis-3-mapper.dtd">
<mapper namespace="com.sxit.mgt.system.dao.FunctionDao">
	 

	 <resultMap id="FunctionMap" type="SysFunction" >
	    <id column="function_id" property="functionId" jdbcType="INTEGER" />
		<result column="function_name" property="functionName" jdbcType="VARCHAR" />
		<result column="function_code" property="functionCode" jdbcType="VARCHAR" />
		<result column="open_target" property="openTarget" jdbcType="VARCHAR" />
		<result column="function_level" property="functionLevel" jdbcType="INTEGER" />
		<result column="parent_id" property="parentId" jdbcType="INTEGER" />
		<result column="sort" property="sort" jdbcType="INTEGER" />
		<result column="type" property="type" jdbcType="INTEGER" />
		<result column="state" property="state" jdbcType="INTEGER" />

	 </resultMap>

	<select id="getFunctionList" resultMap="FunctionMap" parameterType="java.util.Map">
		select
		function_id,
		function_name,
		function_code,
		open_target,
		function_level,
		parent_id,
		sort,
		type,
		state
		from
		sys_function
		<where>  
	        <if test="searchTxt != null">  
	            and 
	            (
	             function_name like CONCAT('%','${searchTxt}','%' )
	            )  
	        </if>
        </where>
        order by function_id desc
	</select>

	<select id="getAllFunctionList" resultMap="FunctionMap">
		select
		function_id,
		function_name,
		function_code,
		open_target,
		function_level,
		parent_id,
		sort,
		type,
		state
		from
		sys_function
		where state = 1
		order by function_level,sort
	</select>

	<select id="getFunctionById" resultMap="FunctionMap" parameterType="java.lang.Integer">
		select
		function_id,
		function_name,
		function_code,
		open_target,
		function_level,
		parent_id,
		sort,
		type,
		state
		from
		sys_function
		where function_id =  #{functionId}
    </select>

	<insert id="insert" parameterType="SysFunction">
		insert into
		sys_function(
		function_id,
		function_name,
		function_code,
		open_target,
		function_level,
		parent_id,
		sort,
		type,
		state
		)
		values
		(
		#{functionId},
		#{functionName},
		#{functionCode},
		#{openTarget},
		#{functionLevel},
		#{parentId},
		#{sort},
		#{type},
		#{state}
		)
	</insert>

	<insert id="insertList" parameterType="java.util.List">
		insert into
		sys_function(
		function_id,
		function_name,
		function_code,
		open_target,
		function_level,
		parent_id,
		sort,
		type,
		state
		)
		values
		<foreach collection="list" item="obj" index="index" separator=",">
			(
			#{obj.functionId},
			#{obj.functionName},
			#{obj.functionCode},
			#{obj.openTarget},
			#{obj.functionLevel},
			#{obj.parentId},
			#{obj.sort},
			#{obj.type},
			#{obj.state}
			)
		</foreach>
	</insert>

	<update id="update" parameterType="SysFunction">
		update sys_function
		set
		function_id = #{functionId},
		function_name = #{functionName},
		function_code = #{functionCode},
		open_target = #{openTarget},
		function_level = #{functionLevel},
		parent_id = #{parentId},
		sort = #{sort},
		type = #{type},
		state = #{state}
		where function_id =
		#{functionId}
	</update>

	<update id="updateList" parameterType="List">
		<foreach collection="list" item="obj" index="index" separator=";">
			update sys_function
			set
			function_id = #{obj.functionId},
			function_name = #{obj.functionName},
			function_code = #{obj.functionCode},
			open_target = #{obj.openTarget},
			function_level = #{obj.functionLevel},
			parent_id = #{obj.parentId},
			sort = #{obj.sort},
			type = #{obj.type},
			state = #{obj.state}
			where function_id =
			#{obj.functionId}
		</foreach>
	</update>

	<select id="isHave" resultType="int" parameterType="java.lang.Integer">
		select
		count(*) from sys_function where function_id =
		#{functionId}
	</select>

	<update id="updateToDelete" parameterType="java.lang.Integer">
		update sys_function
		set
		state = 2
		where function_id =
		#{functionId}
	</update>
	<update id="delete" parameterType="java.lang.Integer">
		delete from sys_function
		where function_id =
		#{functionId}
	</update>

	<select id="getFunctionCount" resultType="int">
		select count(1)
		from sys_function
	</select>

	<select id="getIdList" resultType="String">
		select function_id from sys_function
	</select>

</mapper>
