[
	{
		"name": "刘奎",
		"tel": "13812345678",
		"email": "liukui@sxit.com.cn",
		"address": "深圳市蛇口花园城一期5-5A"
	},
	{
		"name": "黄晓敏",
		"tel": "13812345678",
		"email": "liukui@sxit.com.cn",
		"address": "深圳市荣超花园9栋B802"
	},
	{
		"name": "刘奎",
		"tel": "13812345678",
		"email": "liukui@sxit.com.cn",
		"address": "深圳市蛇口花园城一期5-5A"
	},
	{
		"name": "黄晓敏",
		"tel": "13812345678",
		"email": "liukui@sxit.com.cn",
		"address": "深圳市荣超花园9栋B802"
	},
	{
		"name": "刘奎",
		"tel": "13812345678",
		"email": "liukui@sxit.com.cn",
		"address": "深圳市蛇口花园城一期5-5A"
	},
	{
		"name": "黄晓敏",
		"tel": "13812345678",
		"email": "liukui@sxit.com.cn",
		"address": "深圳市蛇口花园城一期5-5A"
	},
	{
		"name": "刘奎",
		"tel": "13812345678",
		"email": "liukui@sxit.com.cn",
		"address": "深圳市蛇口花园城一期5-5A"
	},
	{
		"name": "刘奎",
		"tel": "13812345678",
		"email": "liukui@sxit.com.cn",
		"address": "深圳市蛇口花园城一期5-5A"
	}
]