{
    "id": "006",
    "title": "新增标签",
    "labelAttr": "时效",
    "persons": 64,
    "info": "都市小说齐梦有时候觉得自己所处的地球的世界就像是一个大型的游戏",
    "updateTime": "2015-08-15 16:30:00",
    "conditionSelected": [
        {
            "sortTitle": "标签属性",
            "optionName": "时效"
        },
        {
            "sortTitle": "性别",
            "optionName": "男"
        },
        {
            "sortTitle": "婚姻",
            "optionName": "已婚"
        },
        {
            "sortTitle": "月收入",
            "optionName": "5-8K"
        },
        {
            "sortTitle": "年龄",
            "optionName": "20-34"
        },
        {
            "sortTitle": "投资客户 | 投资产品户型",
            "optionName": "二室"
        },
        {
            "sortTitle": "投资客户 | 投资产品类型",
            "optionName": "普通多层"
        }
    ]
}