{
	"dataFromId": "11",
	"list": [
		{
			"title": "海滨假日",
			"id": "111",
			"type": "project",
			"num": [[430], [1], [2], [3], [4], [6], [7], [8], [9], [10], [11], [12], [13], [14], [15], [16], [17], [18], [19], [20], [21], [22], [23]]
		},
		{
			"title": "春天海",
			"id": "112",
			"type": "project",
			"num": [[330], [1], [2], [3], [4], [6], [7], [8], [9], [10], [11], [12], [13], [14], [15], [16], [17], [18], [19], [20], [21], [22], [23]]
		},
		{
			"title": "碧海蓝天",
			"id": "113",
			"type": "project",
			"num": [[30], [1], [2], [3], [4], [6], [7], [8], [9], [10], [11], [12], [13], [14], [15], [16], [17], [18], [19], [20], [21], [22], [23]]
		},
		{
			"title": "碧桐湾",
			"id": "114",
			"type": "project",
			"num": [[30], [1], [2], [3], [4], [6], [7], [8], [9], [10], [11], [12], [13], [14], [15], [16], [17], [18], [19], [20], [21], [22], [23]]
		}
	],
	"chart1": {
		"categories": ["海滨假日","春天海","碧海蓝天","碧桐湾"],
		"data": [70, 50, 30, 20]
	},
	"chart2": {
		"categories": ["别墅","洋房","普通多房","小高层","高层","超高层"],
		"series": [
			{
				"name": "海滨假日",
	            "data": [30, 20, 18, 12, 31, 12]
			},
			{
				"name": "春天海",
	            "data": [15, 12, 12, 11, 21, 8]
			},
			{
				"name": "碧海蓝天",
	            "data": [10, 8, 7, 5, 21, 32]
			},
			{
				"name": "碧桐湾",
	            "data": [8, 6, 4, 2, 6, 9]
			}
		]
	},
	"chart3": {
		"categories": ["海滨假日","春天海","碧海蓝天","碧桐湾"],
		"series": [
			{
				"name": "男",
	            "data": [30, 20, 18, 8]
			},
			{
				"name": "女",
	            "data": [15, 12, 12, 9]
			},
			{
				"name": "未知",
	            "data": [10, 8, 7, 5]
			}
		]
	},
	"chart4": {
		"categories": ["一室","二室","三室","四室","五室","五室以上"],
		"series": [
			{
				"name": "海滨假日",
	            "data": [30, 20, 18, 10, 8, 9]
			},
			{
				"name": "春天海",
	            "data": [15, 12, 12, 10, 8, 9]
			},
			{
				"name": "碧海蓝天",
	            "data": [10, 8, 7, 10, 8, 9]
			},
			{
				"name": "碧桐湾",
	            "data": [15, 9, 7, 13, 6, 8]
			}
		]
	},
	"chart5": {
		"categories": ["90㎡以下","90-120㎡","121-145㎡","146-200㎡","200㎡以上"],
		"series": [
			{
				"name": "海滨假日",
	            "data": [32, 20, 18, 10, 20]
			},
			{
				"name": "春天海",
	            "data": [15, 12, 12, 10, 30]
			},
			{
				"name": "碧海蓝天",
	            "data": [10, 8, 7, 10, 18]
			},
			{
				"name": "碧桐湾",
	            "data": [15, 9, 7, 13, 6]
			}
		]
	}
}