{
	"analysisTypes":[
		{
			"title": "户籍异地购房",
			"value": "1"
		},
		{
			"title": "工作异地购房",
			"value": "2"
		}
	],
	"areas": [
		{
			"title": "华东区域",
			"value": "1",
			"subs": [
				{
					"title": "不限",
					"value":"-1"
				},
				{
					"title": "上海",
					"value": "11",
					"subs": [
						{
							"title": "不限",
							"value":"-1"
						},
						{
							"title": "海滨假日",
							"value":"111"
						},
						{
							"title": "春天海",
							"value":"112"
						}
					]
				},
				{
					"title": "苏州",
					"value": "12",
					"subs": [
						{
							"title": "不限",
							"value":"-1"
						},
						{
							"title": "苏州园林",
							"value":"121"
						},
						{
							"title": "碧海蓝天",
							"value":"122"
						}
					]
				}
			]
		},
		{
			"title": "华南区域",
			"value": "2",
			"subs": [
				{
					"title": "不限",
					"value":"-1"
				},
				{
					"title": "深圳",
					"value": "21",
					"subs": [
						{
							"title": "不限",
							"value":"-1"
						},
						{
							"title": "幸福海",
							"value":"211"
						},
						{
							"title": "梅沙湾",
							"value":"212"
						}
					]
				},
				{
					"title": "广州",
					"value": "22",
					"subs": [
						{
							"title": "不限",
							"value":"-1"
						},
						{
							"title": "悦生活",
							"value":"221"
						},
						{
							"title": "碧桐湾",
							"value":"222"
						}
					]
				}
			]
		}
	]
	
}