{
	"dataFromId": "-1",
	"list": [
		{
			"title": "深圳分公司",
			"id": "1",
			"type": "area",
			"num": [[12], [11], [12]]
		},
		{
			"title": "广州分公司",
			"id": "2",
			"type": "area",
			"num": [[40], [22], [23]]
		},
		{
			"title": "珠海分公司",
			"id": "3",
			"type": "area",
			"num": [[50], [16], [17]]
		},
		{
			"title": "佛山分公司",
			"id": "4",
			"type": "area",
			"num": [[14], [15], [16]]
		}
	],
	"chart1": {
		"categories": ["深圳分公司","广州分公司","珠海分公司","佛山分公司"],
		"data": [70, 50, 30, 20]
	},
	"chart2": {
		"categories": ["深圳分公司","广州分公司","珠海分公司","佛山分公司"],
		"columnSeries": [
			{
				"name": "待处理数",
	            "data": [50, 20, 18, 12]
			}
		],
		"splineSeries": [
			{
				"name": "超时完成任务数",
	            "data": [41, 52, 54, 56]
			}
		]
	}
}