{
	"liveArea": ["广州市", "深圳市", "佛山市", "珠海市", "东莞市"],
	"OwnerType": [
		{
			"title": "90㎡以下",
			"num": [[12], [3], [4], [5], [6], [7], [8]]
		},
		{
			"title": "90-120㎡",
			"num": [[23], [13], [4], [5], [6], [7], [8]]
		},
		{
			"title": "121-145㎡",
			"num": [[42], [3], [4], [5], [6], [7], [8]]
		},
		{
			"title": "146-200㎡",
			"num": [[52], [3], [4], [5], [6], [7], [8]]
		},
		{
			"title": "200㎡以上",
			"num": [[42], [3], [4], [5], [6], [7], [8]]
		},
		{
			"title": "合计",
			"num": [[122], [3], [4], [5], [6], [7], [8]]
		}
	],
	"chart1": {
		"categories": ["20岁以下","20-34岁","35-44岁","45-54岁","55-64岁","64岁以上"],
		"columnSeries": [
			{
				"name": "90㎡以下",
	            "data": [30, 20, 18, 12, 22, 15]
			},
			{
				"name": "90-120㎡",
	            "data": [15, 12, 12, 11, 4, 16]
			},
			{
				"name": "121-145㎡",
	            "data": [10, 8, 7, 5, 8, 12]
			},
			{
				"name": "146-200㎡",
	            "data": [11, 7, 6, 12, 12, 135]
			},
			{
				"name": "200㎡以上",
	            "data": [8, 6, 4, 2, 21, 15]
			}
		],
		"splineSeries": [
			{
				"name": "客户数量",
	            "data": [41, 52, 54, 56, 47, 44]
			}
		]
	}
}